Workbook

Sheet График разработки модулей
A1: № | B1: Группа | C1: Этап | D1: Краткое описание | E1: Результат | F1: Бэкенд (Java) | G1: Фронтенд (React) | H1: Трудоёмкость (ч/д) | I1: Дата начала | J1: Дата завершения | K1: 46286 | L1: 46287 | M1: 46288 | N1: 46289 | O1: 46290 | P1: 46291 | Q1: 46292 | R1: 46293 | S1: 46294 | T1: 46295 | U1: 46296 | V1: 46297 | W1: 46298 | X1: 46299 | Y1: 46300 | Z1: 46301 | AA1: 46302 | AB1: 46303 | AC1: 46304 | AD1: 46305 | AE1: 46306 | AF1: 46307 | AG1: 46308 | AH1: 46309 | AI1: 46310 | AJ1: 46311 | AK1: 46312 | AL1: 46313 | AM1: 46314 | AN1: 46315 | AO1: 46316 | AP1: 46317 | AQ1: 46318 | AR1: 46319 | AS1: 46320 | AT1: 46321 | AU1: 46322 | AV1: 46323 | AW1: 46324 | AX1: 46325 | AY1: 46326 | AZ1: 46327 | BA1: 46328 | BB1: 46329 | BC1: 46330 | BD1: 46331 | BE1: 46332 | BF1: 46333 | BG1: 46334 | BH1: 46335 | BI1: 46336 | BJ1: 46337 | BK1: 46338 | BL1: 46339 | BM1: 46340 | BN1: 46341 | BO1: 46342 | BP1: 46343 | BQ1: 46344 | BR1: 46345 | BS1: 46346 | BT1: 46347 | BU1: 46348 | BV1: 46349 | BW1: 46350 | BX1: 46351 | BY1: 46352 | BZ1: 46353 | CA1: 46354 | CB1: 46355 | CC1: 46356 | CD1: 46357 | CE1: 46358 | CF1: 46359 | CG1: 46360 | CH1: 46361 | CI1: 46362 | CJ1: 46363 | CK1: 46364 | CL1: 46365 | CM1: 46366 | CN1: 46367 | CO1: 46368 | CP1: 46369 | CQ1: 46370 | CR1: 46371 | CS1: 46372 | CT1: 46373 | CU1: 46374 | CV1: 46375 | CW1: 46376 | CX1: 46377 | CY1: 46378 | CZ1: 46379 | DA1: 46380 | DB1: 46381 | DC1: 46382 | DD1: 46383 | DE1: 46384 | DF1: 46385 | DG1: 46386 | DH1: 46387
A2: 1 | B2: Platform Core | C2: Базовое Java/Spring Boot ядро платформы | D2: Реализация общих технических компонентов: базовые типы, идентификаторы, ошибки, контексты выполнения, PostgreSQL, транзакции, persistence abstractions, общие API-контракты, механизм расширения | E2: Базовый Java/Spring Boot Foundation для остальных модулей | F2: 2 | G2: 0 | H2: =NETWORKDAYS(I2,J2,Праздники!A1:A2)*(F2+G2) -> 4 | I2: 46286 | J2: 46287
A3: 2 | B3: Platform Core | C3: Platform Context и Tenant Management | D3: Enterprise/Tenant, контекст предприятия и пользователя, области действия данных, tenant-aware execution, Central/Local scope | E3: Единый механизм контекста выполнения и изоляции tenant | F3: 1 | G3: 0 | H3: =NETWORKDAYS(I3,J3,Праздники!A1:A3)*(F3+G3) -> 3 | I3: 46308 | J3: 46310
A4: 3 | B4: Platform Core | C4: Интеграция с Identity Provider | D4: Интеграция с внешним Keycloak: OIDC/OAuth2, JWT, identity context, claims, получение пользовательской идентичности | E4: Авторизованный пользовательский контекст для API | F4: 1 | G4: 0 | H4: =NETWORKDAYS(I4,J4,Праздники!A1:A4)*(F4+G4) -> 2 | I4: 46308 | J4: 46309
A5: 4 | B5: Platform Core | C5: Модель ролей и разрешений | D5: Роли, permissions, привязка разрешений к операциям и объектам, Global/Local scope, enforcement authorization | E5: Универсальный механизм авторизации платформы | F5: 2 | G5: 0 | H5: =NETWORKDAYS(I5,J5,Праздники!A4:A5)*(F5+G5) -> 8 | I5: 46329 | J5: 46332
A6: 5 | B6: Platform Core | C6: Audit и History Foundation | D6: Общий механизм формирования и сохранения AuditRecord, контекст операции, пользователь, tenant, объект, результат операции | E6: Единый технический механизм аудита операций | F6: 1 | G6: 0 | H6: =NETWORKDAYS(I6,J6,Праздники!A5:A6)*(F6+G6) -> 3 | I6: 46310 | J6: 46314
A7: 6 | B7: Developer Foundation | C7: Object Model / Object Runtime Foundation | D7: BusinessObjectContract, ObjectRuntimeDescriptor, registry типов, атрибуты, идентификаторы, связи, metadata, validation, lifecycle, polymorphism, TPH, owned collections, programmatic declaration MES-модулей | E7: MES-разработчик может программно объявить собственные типы объектов и использовать Object Runtime | F7: 2 | G7: 0 | H7: =NETWORKDAYS(I7,J7,Праздники!A6:A7)*(F7+G7) -> 10 | I7: 46288 | J7: 46294
A8: 7 | B8: Developer Foundation | C8: Universal CRUD Engine | D8: Универсальные операции List/Card/Create/Update/Delete, filtering, sorting, pagination, bulk operations, validation, tenant-aware access, mutation pipeline | E8: Универсальный CRUD для объектов платформы и MES-модулей | F8: 2 | G8: 0 | H8: =NETWORKDAYS(I8,J8,Праздники!A7:A8)*(F8+G8) -> 8 | I8: 46302 | J8: 46307
A9: 8 | B9: Developer Foundation | C9: Configuration Foundation | D9: Scopes, drafts, published versions, canonical artifacts, effective configuration, schema registry, baseline packages, configuration versions | E9: Полноценный механизм хранения и получения эффективной конфигурации без изменения Java-кода | F9: 1 | G9: 0 | H9: =NETWORKDAYS(I9,J9,Праздники!A8:A9)*(F9+G9) -> 4 | I9: 46301 | J9: 46304
A10: 9 | B10: Developer Foundation | C10: Reference Data / Value Sets Foundation | D10: ValueSet, элементы справочников, версии, scopes, effective set по модели Site → Tenant → Global, Data Editor API | E10: Универсальный механизм справочных данных | F10: 1 | G10: 0 | H10: =NETWORKDAYS(I10,J10,Праздники!A9:A10)*(F10+G10) -> 4 | I10: 46301 | J10: 46304
A11: 10 | B11: Developer Foundation | C11: Workflow Framework | D11: Technical Workflow Runtime: states, transitions, commands, guards/conditions, revisions, concurrency, instances, history, integration с Rules/Object Runtime/Audit/Events. Без BPMN | E11: Технический Workflow Framework для построения процессов MES-модулями | F11: 2 | G11: 0 | H11: =NETWORKDAYS(I11,J11,Праздники!A10:A11)*(F11+G11) -> 10 | I11: 46307 | J11: 46311
A12: 11 | B12: Event & Integration Foundation | C12: Event Model и Event Bus | D12: Унифицированный Event Envelope: Event ID, Event Type, Tenant, Object/Aggregate ID, Correlation/Causation ID, timestamp, version; Kafka integration | E12: Единая модель межмодульных и межконтурных событий | F12: 2 | G12: 0 | H12: =NETWORKDAYS(I12,J12,Праздники!A11:A12)*(F12+G12) -> 10 | I12: 46288 | J12: 46294
A13: 12 | B13: Event & Integration Foundation | C13: Outbox / Inbox / Idempotency / Deduplication Foundation | D13: Transactional Outbox, Inbox, idempotency keys, deduplication, retries, DLQ, повторная обработка | E13: Надёжная обработка событий с семантикой at-least-once | F13: 2 | G13: 0 | H13: =NETWORKDAYS(I13,J13,Праздники!A12:A13)*(F13+G13) -> 8 | I13: 46295 | J13: 46300
A14: 13 | B14: Event & Integration Foundation | C14: Integration Framework | D14: Универсальная модель integration endpoints, mappings, request/response, event integration, технические адаптеры. Без конкретных MES-интеграций | E14: Универсальный механизм интеграции платформы | F14: 2 | G14: 0 | H14: =NETWORKDAYS(I14,J14,Праздники!A13:A14)*(F14+G14) -> 10 | I14: 46295 | J14: 46301
A15: 14 | B15: Distributed Platform | C15: Distributed Synchronization Foundation | D15: Local Sync Agent и Central Ingestion, buffering, retries, delivery state, ordering where required, idempotent processing, replay, recovery | E15: Надёжный механизм Local → Central при временной недоступности Central | F15: 3 | G15: 0 | H15: =NETWORKDAYS(I15,J15,Праздники!A14:A15)*(F15+G15) -> 18 | I15: 46314 | J15: 46321
A16: 15 | B16: Distributed Platform | C16: Central → Local Synchronization | D16: Доставка configuration packages, ValueSets, системных параметров и административных команд; versioning, validation, activation, rollback, redelivery | E16: Надёжный механизм Central → Local | F16: 2 | G16: 0 | H16: =NETWORKDAYS(I16,J16,Праздники!A15:A16)*(F16+G16) -> 10 | I16: 46322 | J16: 46328
... A30: 29 | B30: Platform Foundation Release | C30: Сборка законченного Platform Foundation | D30: Функциональная сборка всех разработанных компонентов: Central Platform, Local Platform, Admin, Studio, Execution, SDK и Central↔Local interaction | E30: Первый законченный функциональный Platform Foundation, готовый как основа для разработки MES | F30: 4 | G30: 0 | H30: =NETWORKDAYS(I30,J30,Праздники!A29:A30)*(F30+G30) -> 4 | I30: 46381 | J30: 46381
H31: =SUM(H2:H30) -> 273

Sheet Праздники
A1: 46330
A2: 46387
